Built,n,prop
3.4.0,121,0.49794238683127573
3.4.1,34,0.13991769547325103
3.4.2,78,0.32098765432098764
3.4.3,10,0.0411522633744856
